Date,SI_Open,SI_High,SI_Low,SI_Close,SI_Length,SI_BarLength,SI_RodLength,SI_PinLength,SI_OpenRatio,SI_HighRatio,SI_LowRatio,SI_CloseRatio,SI_RiseFall,SI_BarRatio,SI_RodRatio,SI_PinRatio,SI_RSI_5,SI_RSI_10,Open,High,Low,Close,Length,BarLength,RodLength,PinLength,OpenRatio,HighRatio,LowRatio,CloseRatio,RiseFall,BarRatio,RodRatio,PinRatio,RSI_5,RSI_10
2020/9/1,12617.39,12703.28,12565.83,12703.28,137.450000000001,85.8900000000012,0,-51.5599999999995,1.0020601281028,1.00680727155141,0.995913576421114,1.00680727155141,0.006807271551407,0.624881775190984,0,-0.375118224809016,34.0441706624351,31.076627089277,126.5,128.5,123.5,128,5,1.5,0.5,-3,1.00396825396825,1.01581027667984,0.976284584980237,1.01185770750988,0.011857707509882,0.3,0.1,-0.6,33.7870356342554,17.1911921448334
2020/9/2,12772.43,12802.61,12646.47,12699.5,156.140000000001,-72.9300000000003,30.1800000000003,-53.0300000000007,1.00544347601564,1.00236290196932,0.990138133464031,0.994290045042329,-0.005709954957671,-0.467080824900728,0.193288074804663,-0.339631100294609,19.1939125809991,32.4956168386435,129,129,126,127.5,3,-1.5,0,-1.5,1.0078125,1,0.976744186046512,0.988372093023256,-0.011627906976744,-0.5,0,-0.5,28.1916089648122,17.9806612245439
2020/9/3,12774.97,12857.79,12732.32,12757.97,125.470000000001,-17,82.8200000000015,-25.6499999999996,1.00594275365172,1.00648298978393,0.996661440300838,0.998669272804554,-0.001330727195445,-0.135490555511276,0.660078106320242,-0.204431338168482,22.9126572498867,49.127176954241,129,129.5,126,127.5,3.5,-1.5,0.5,-1.5,1.01176470588235,1.00387596899225,0.976744186046512,0.988372093023256,-0.011627906976744,-0.428571428571429,0.142857142857143,-0.428571428571429,33.7353311090639,29.6670340709541
2020/9/4,12645.92,12655.67,12559.78,12637.95,95.8899999999994,-7.96999999999935,9.75,-78.1700000000001,0.991217254782697,1.00077099965839,0.993188316864254,0.999369757202323,-0.000630242797677,-0.083116070497439,0.101679007195746,-0.815204922306816,24.352209830779,36.1017304344971,124.5,125.5,123.5,125,2,0.5,0.5,-1,0.976470588235294,1.00803212851406,0.991967871485944,1.00401606425703,0.004016064257028,0.25,0.25,-0.5,28.9907622495188,26.5433796625477
2020/9/7,12645.93,12725.05,12575.36,12601.4,149.689999999999,-44.5300000000007,79.119999999999,-26.0399999999991,1.00063143152173,1.00625655843422,0.99441954842388,0.996478708960116,-0.003521291039884,-0.297481461687494,0.528559021978754,-0.173959516333752,37.8192519953184,31.8093706225691,125,126,122,122,4,-3,1,0,1,1.008,0.976,0.976,-0.024,-0.75,0.25,0,25.1447424939786,20.9407166243387
2020/9/8,12637.42,12702.55,12614.72,12663.56,87.8299999999999,26.1399999999994,38.9899999999998,-22.7000000000007,1.00285841255734,1.00515374182389,0.99820374728386,1.00206846017621,0.002068460176207,0.297620403051343,0.443925765683705,-0.258453831264952,15.5984517695441,28.9540607406886,122.5,123,119,119.5,4,-3,0.5,-0.5,1.00409836065574,1.00408163265306,0.971428571428571,0.975510204081633,-0.024489795918367,-0.75,0.125,-0.125,5.3009180475554,17.7229824024818
2020/9/9,12592.18,12616.57,12480.5,12608.58,136.07,16.3999999999996,7.98999999999978,-111.68,0.994363354380601,1.00193691640367,0.991131003527586,1.00130239561379,0.001302395613786,0.120526199750126,0.05871977658558,-0.820754023664294,38.0753564805057,22.9656584057036,118,122.5,117.5,122.5,5,4.5,0,-0.5,0.98744769874477,1.03813559322034,0.995762711864407,1.03813559322034,0.038135593220339,0.9,0,-0.1,41.2163108518966,35.9142932081094
2020/9/10,12665.74,12708.64,12650.4,12691.75,58.2399999999998,26.0100000000002,16.8899999999994,-15.3400000000001,1.00453342089276,1.00338708989763,0.998788858763878,1.00205357128758,0.002053571287584,0.44660027472528,0.290006868131859,-0.263392857142861,56.6462950887938,31.1353103823363,123,125,119,119.5,6,-3.5,2,-0.5,1.00408163265306,1.01626016260163,0.967479674796748,0.971544715447154,-0.028455284552846,-0.583333333333333,0.333333333333333,-0.083333333333333,35.3927892597412,34.845731607277
2020/9/11,12697.46,12701.79,12616.68,12675.95,85.1100000000006,-21.5099999999984,4.33000000000175,-59.2700000000004,1.00044989855615,1.00034101308451,0.99363809769828,0.998305960404679,-0.001694039595321,-0.252731758900226,0.050875337798164,-0.69639290330161,50.9826184393299,31.6939533984175,120,121,117,121,4,1,0,-3,1.00418410041841,1.00833333333333,0.975,1.00833333333333,0.008333333333333,0.25,0,-0.75,37.6528788537774,34.9908462316417
2020/9/14,12680.41,12793.07,12680.41,12787.82,112.66,107.41,5.25,0,1.00035184739605,1.00888457076703,1,1.00847054629937,0.00847054629937,0.953399609444346,0.046600390555654,0,89.1331183165078,61.6349185326332,122,125,120.5,124.5,4.5,2.5,0.5,-1.5,1.00826446280992,1.02459016393443,0.987704918032787,1.02049180327869,0.020491803278689,0.555555555555556,0.111111111111111,-0.333333333333333,55.8444412850652,45.2560015159154
2020/9/15,12787.42,12857.73,12773.23,12845.65,84.5,58.2299999999996,12.0799999999999,-14.1900000000005,0.999968720235349,1.00549837261934,0.998890315638338,1.00455369417756,0.004553694177559,0.689112426035498,0.142958579881656,-0.167928994082846,90.6273296044195,58.8757389695301,124.5,129,124,128,5,3.5,1,-0.5,1,1.03614457831325,0.995983935742972,1.0281124497992,0.028112449799197,0.7,0.2,-0.1,76.9645929456651,49.7210974548154
2020/9/16,12989.81,13021.68,12948.72,12976.76,72.9600000000009,-13.0499999999993,31.8700000000008,-28.0400000000009,1.01122247609113,1.00245346159798,0.996836751268879,0.998995366367945,-0.001004633632055,-0.178865131578935,0.436814692982462,-0.384320175438603,84.8188591355006,69.2787961410368,130,131,126,127,5,-3,1,-1,1.015625,1.00769230769231,0.969230769230769,0.976923076923077,-0.023076923076923,-0.6,0.2,-0.2,52.4916516294884,47.0198545516486
2020/9/17,12920.15,12972.52,12851.52,12872.74,121,-47.4099999999999,52.3700000000008,-21.2199999999993,0.995637585961365,1.00405335851364,0.994688142165532,0.996330537958151,-0.003669462041849,-0.391818181818181,0.432809917355378,-0.175371900826441,67.1616549071482,63.6856294864785,126.5,127.5,125,126,2.5,-0.5,1,-1,0.996062992125984,1.00790513833992,0.988142292490118,0.996047430830039,-0.00395256916996,-0.2,0.4,-0.4,67.8094168823683,48.7970951912686
2020/9/18,12858.6,12927.81,12841.09,12875.62,86.7199999999994,17.0200000000004,52.1899999999987,-17.5100000000002,0.99890155475835,1.0053823899958,0.998638265441028,1.00132362776663,0.001323627766631,0.196263837638383,0.601821955719547,-0.20191420664207,75.4279016920401,66.6592976888279,126,127.5,125,127.5,2.5,1.5,0,-1,1,1.01190476190476,0.992063492063492,1.01190476190476,0.011904761904762,0.6,0,-0.4,69.1227402633098,50.7118589766133
2020/9/21,12874.61,12952.31,12795.09,12795.12,157.219999999999,-79.4899999999998,77.6999999999989,-0.030000000000655,0.999921557175499,1.00603513426814,0.993823502226475,0.993825832394146,-0.006174167605854,-0.505597252257983,0.494211932324127,-0.00019081541789,35.1397088083634,61.1868827861601,128,128,125,125,3,-3,0,0,1.00392156862745,1,0.9765625,0.9765625,-0.0234375,-1,0,0,44.2256327145222,50.8474425059716
2020/9/22,12786.91,12786.91,12632.74,12645.51,154.17,-141.4,0,-12.7700000000004,0.999358349120602,1,0.987943138725462,0.988941816279304,-0.011058183720696,-0.917169358500354,0,-0.082830641499646,5.69790575321971,42.8619437357407,124.5,126.5,122,124.5,4.5,0,2,-2.5,0.996,1.01606425702811,0.979919678714859,1,0,0,0.444444444444444,-0.555555555555556,19.0867838602353,57.5458934335071
2020/9/23,12656.3,12700.89,12548.07,12583.88,152.82,-72.4200000000001,44.5900000000002,-35.8099999999995,1.00085326728618,1.00352314657522,0.991448527610755,0.994277948531561,-0.005722051468439,-0.473890851982726,0.291781180473761,-0.234327967543512,4.73612350635945,35.8705440639741,125.5,126,122.5,124.5,3.5,-1,0.5,-2,1.00803212851406,1.00398406374502,0.97609561752988,0.99203187250996,-0.00796812749004,-0.285714285714286,0.142857142857143,-0.571428571428571,25.1883552495965,44.2054398731786
2020/9/24,12487.48,12487.48,12264.38,12264.38,223.1,-223.1,0,0,0.992339405652311,1,0.982134105520089,0.982134105520089,-0.017865894479911,-1,0,0,3.14073206358113,23.3161045755157,123,124,122,123,2,0,1,-1,0.987951807228916,1.00813008130081,0.991869918699187,1,0,0,0.5,-0.5,27.4870812087198,54.0884017958038
2020/9/25,12312.94,12385.81,12149.81,12232.91,236,-80.0300000000007,72.869999999999,-83.1000000000004,1.00395943374227,1.00591816414276,0.986751336398943,0.993500333795178,-0.006499666204822,-0.339110169491528,0.308771186440674,-0.352118644067798,0,21.6271501393988,123.5,124,118,119.5,6,-4,0.5,-1.5,1.00406504065041,1.00404858299595,0.955465587044534,0.967611336032389,-0.032388663967611,-0.666666666666667,0.083333333333333,-0.25,0,39.9840718651643
2020/9/28,12282.36,12462.76,12282.36,12462.76,180.4,180.4,0,0,1.0040423742184,1.01468773102238,1,1.01468773102238,0.014687731022377,1,0,0,26.3062927220613,28.3424815514574,121.5,122.5,119.5,121.5,3,0,1,-2,1.01673640167364,1.0082304526749,0.983539094650206,1,0,0,0.333333333333333,-0.666666666666667,0,30.5846127041625
2020/9/29,12488.1,12571.34,12429.72,12467.73,141.620000000001,-20.3700000000008,83.2399999999998,-38.0100000000002,1.00203325748069,1.00666554559941,0.995325149542364,0.99836884714248,-0.00163115285752,-0.143835616438361,0.58777008897048,-0.268394294591159,31.6501616754482,22.9927444804225,123,123,121,121.5,2,-1.5,0,-0.5,1.01234567901235,1,0.983739837398374,0.98780487804878,-0.01219512195122,-0.75,0,-0.25,0,10.3588426626684
2020/9/30,12483.65,12568.68,12466.58,12515.61,102.1,31.9600000000009,53.0699999999997,-17.0699999999997,1.00127689643584,1.00681130919242,0.998632611455784,1.00256014867447,0.002560148674466,0.313026444662104,0.51978452497551,-0.167189030362386,39.8844766592685,26.0864775117606,121.5,122,119.5,121.5,2.5,0,0.5,-2,1,1.00411522633745,0.983539094650206,1,0,0,0.2,-0.8,0,12.9615502124721
2020/10/5,12567.88,12637.62,12519.12,12548.28,118.5,-19.5999999999985,69.7400000000016,-29.1599999999999,1.004176384531,1.00554906635009,0.99612026849397,0.998440468877806,-0.001559531122194,-0.165400843881844,0.588523206751068,-0.246075949367087,64.0275169259187,26.8832196740221,121,123,120,120.5,3,-0.5,2,-0.5,0.995884773662552,1.01652892561983,0.991735537190083,0.995867768595041,-0.004132231404959,-0.166666666666667,0.666666666666667,-0.166666666666667,0,12.9362455074071
2020/10/6,12644.09,12706.39,12644.09,12704.23,62.2999999999993,60.1399999999994,2.15999999999985,0,1.00763530938105,1.00492720314392,1,1.00475637234471,0.004756372344708,0.965329052969504,0.034670947030496,0,87.3360107879564,30.3444563709997,121.5,125,121.5,124,3.5,2.5,1,0,1.00829875518672,1.02880658436214,1,1.02057613168724,0.020576131687243,0.714285714285714,0.285714285714286,0,55.7566085236468,20.433551168852
2020/10/7,12667.51,12774.36,12619.81,12746.37,154.550000000001,78.8600000000006,27.9899999999998,-47.7000000000007,0.997109624117322,1.00843496472472,0.996234461231923,1.00622537499477,0.00622537499477,0.510255580718214,0.181106438045937,-0.308637981235848,80.9313089737295,38.9019450625223,124,124.5,123,124.5,1.5,0.5,0,-1,1,1.00403225806452,0.991935483870967,1.00403225806452,0.004032258064516,0.333333333333333,0,-0.666666666666667,60.1146770119035,30.2714017754046
2020/10/8,12832.54,12887.19,12818.01,12887.19,69.1800000000003,54.6499999999996,0,-14.5300000000007,1.00676035608569,1.00425870482383,0.998867722212438,1.00425870482383,0.004258704823831,0.789968198901408,0,-0.210031801098592,91.9446255561761,49.3994185981241,126,126,124,124.5,2,-1.5,0,-0.5,1.01204819277108,1,0.984126984126984,0.988095238095238,-0.011904761904762,-0.75,0,-0.25,60.5441206312085,26.404617605606
2020/10/12,12959.15,12997.79,12898.89,12955.91,98.9000000000015,-3.23999999999978,38.6400000000012,-57.0200000000004,1.00558383945608,1.002981677039,0.995350003665364,0.99974998360232,-0.00025001639768,-0.032760364004042,0.390697674418611,-0.576541961577347,89.386817868043,53.8826622513724,125.5,125.5,122,122,3.5,-3.5,0,0,1.00803212851406,1,0.972111553784861,0.972111553784861,-0.02788844621514,-1,0,0,35.9069236485146,21.7546928559618
2020/10/13,12988.44,12994.66,12857.1,12947.13,137.559999999999,-41.3100000000013,6.21999999999935,-90.0299999999988,1.00251082324592,1.00047888737985,0.989887931114129,0.996819479475595,-0.003180520524405,-0.300305321314346,0.045216632742072,-0.654478045943582,81.6263781934889,71.2319408140266,122,125.5,122,125,3.5,3,0.5,0,1,1.02868852459016,1,1.02459016393443,0.024590163934426,0.857142857142857,0.142857142857143,0,55.2843911477885,35.7267788334489
2020/10/14,12927.09,12960,12895.79,12919.31,64.2099999999991,-7.78000000000066,32.9099999999999,-23.5199999999986,0.998452166619166,1.00254581657589,0.997578728081881,0.999398163082333,-0.000601836917667,-0.121164927581385,0.512536988008103,-0.366298084410511,72.2220458615126,81.8111179746158,124,124,120,120.5,4,-3.5,0,-0.5,0.992,1,0.967741935483871,0.971774193548387,-0.028225806451613,-0.875,0,-0.125,29.6171321688447,36.8404527043225
2020/10/15,12892.29,12909.11,12786.26,12827.82,122.85,-64.4700000000012,16.8199999999997,-41.5599999999995,0.997908557035941,1.00130465572835,0.991775704704129,0.994999336812932,-0.005000663187068,-0.524786324786333,0.136914936914934,-0.338298738298733,32.040231232916,59.2872702673517,120,121,118.5,119.5,2.5,-0.5,1,-1,0.995850622406639,1.00833333333333,0.9875,0.995833333333333,-0.004166666666667,-0.2,0.4,-0.4,25.4094024088013,35.7257906182583
2020/10/16,12814.16,12896.3,12750.37,12750.37,145.929999999998,-63.7899999999991,82.1399999999994,0,0.998935126935052,1.00641009633093,0.995021913258458,0.995021913258458,-0.004978086741542,-0.437127389844444,0.562872610155556,0,0,53.3411178251321,119.5,121,119,119.5,2,0,1.5,-0.5,1,1.01255230125523,0.99581589958159,1,0,0,0.75,-0.25,28.9735478653218,39.1968919496985
2020/10/19,12803.32,12911.41,12803.32,12908.34,108.09,105.02,3.06999999999971,0,1.00415282066324,1.00844234151767,1,1.00820255996101,0.00820255996101,0.971597742621892,0.028402257378108,0,37.3460398809383,60.089230052076,120,124.5,119.5,124,5,4,0.5,-0.5,1.00418410041841,1.0375,0.995833333333333,1.03333333333333,0.033333333333333,0.8,0.1,-0.1,64.1342799287614,51.9559276717928
2020/10/20,12889.99,12917.75,12862.37,12862.37,55.3799999999992,-27.619999999999,27.7600000000002,0,0.998578438435926,1.00215360911839,0.997857252022694,0.997857252022694,-0.002142747977306,-0.498736005778248,0.501263994221752,0,39.1981324834405,59.2041843527183,123.5,125,123,123.5,2,0,1.5,-0.5,0.995967741935484,1.01214574898785,0.995951417004048,1,0,0,0.75,-0.25,50.7157464212679,53.3435782044172
2020/10/21,12889.88,12942.12,12846.42,12877.25,95.7000000000007,-12.6299999999992,52.2400000000016,-30.8299999999999,1.00213879712681,1.00405279180256,0.996628362715557,0.999020161553094,-0.000979838446906,-0.131974921630085,0.545872518286324,-0.322152560083591,38.5026280647288,52.167663895304,123.5,125,122.5,123,2.5,-0.5,1.5,-0.5,1,1.01214574898785,0.991902834008097,0.995951417004048,-0.004048582995951,-0.2,0.6,-0.2,80.2273650020301,44.8337409073906
2020/10/22,12854.97,12917.03,12827.4,12917.03,89.630000000001,62.0600000000013,0,-27.5699999999997,0.998269816925198,1.004827704771,0.997855304213079,1.004827704771,0.004827704770995,0.692402097512,0,-0.307597902487999,61.6643936726872,50.2255189956115,123,124,119.5,120,4.5,-3,1,-0.5,1,1.00813008130081,0.971544715447154,0.975609756097561,-0.024390243902439,-0.666666666666667,0.222222222222222,-0.111111111111111,53.9617413545052,36.5337281412291
2020/10/23,12945.12,12963.26,12875.23,12898.82,88.0300000000007,-46.3000000000011,18.1399999999994,-23.5900000000001,1.00217464850666,1.00140130025832,0.994601054296909,0.996423362626225,-0.003576637373775,-0.525957060093159,0.206066113824824,-0.267976826082017,66.0446149538908,38.6189338141948,121,123,120,122,3,1,1,-1,1.00833333333333,1.01652892561983,0.991735537190083,1.00826446280992,0.008264462809917,0.333333333333333,0.333333333333333,-0.333333333333333,59.3943487516784,42.7273514368882
2020/10/26,12923.55,12971.58,12894.18,12909.03,77.3999999999996,-14.5199999999986,48.0300000000007,-14.8500000000004,1.00191722963806,1.00371647109347,0.997727404621795,0.998876469700663,-0.001123530299337,-0.187596899224789,0.620542635658926,-0.191860465116285,38.1622897734199,37.644355534826,122,122.5,120.5,122,2,0,0.5,-1.5,1,1.00409836065574,0.987704918032787,1,0,0,0.25,-0.75,22.5169538632574,52.1086015054048
2020/10/27,12867.77,12884.32,12821.07,12875.01,63.25,7.23999999999978,9.30999999999949,-46.7000000000007,0.996803787736182,1.00128615914024,0.996370777531771,1.00056264605289,0.00056264605289,0.114466403162052,0.14719367588932,-0.738339920948628,48.691752679702,42.4828223638136,121,123.5,120.5,122.5,3,1.5,1,-0.5,0.991803278688525,1.02066115702479,0.995867768595041,1.01239669421488,0.012396694214876,0.5,0.333333333333333,-0.166666666666667,42.0797633195104,47.0229642503537
2020/10/28,12853.76,12879.98,12761.33,12793.75,118.65,-60.0100000000002,26.2199999999993,-32.4200000000001,0.998349515845036,1.00203987004581,0.992809107996415,0.995331327175861,-0.004668672824139,-0.505773282764437,0.22098609355246,-0.273240623683103,36.5219930184533,37.6920327024786,122.5,123,120.5,121.5,2.5,-1,0.5,-1,1,1.00408163265306,0.983673469387755,0.991836734693877,-0.008163265306122,-0.4,0.2,-0.4,38.8260577153503,56.9783020287452
2020/10/29,12687.64,12699.82,12583.37,12662.91,116.449999999999,-24.7299999999996,12.1800000000003,-79.5399999999991,0.991706106497313,1.00095998940701,0.991781765560813,0.998050858946187,-0.001949141053813,-0.212365822241304,0.104594246457711,-0.683039931300986,4.7358276990604,41.1762077269259,119,122,118.5,122,3.5,3,0,-0.5,0.979423868312757,1.02521008403361,0.995798319327731,1.02521008403361,0.025210084033614,0.857142857142857,0,-0.142857142857143,84.8924958228522,68.3937952103207
2020/10/30,12651.35,12656.29,12546.34,12546.34,109.950000000001,-105.01,4.94000000000051,0,0.999087097673442,1.00039047216305,0.991699700032012,0.991699700032012,-0.008300299967988,-0.955070486584807,0.044929513415193,0,3.38855829532774,37.4112224511378,118,119,116,116.5,3,-1.5,1,-0.5,0.967213114754098,1.00847457627119,0.983050847457627,0.98728813559322,-0.01271186440678,-0.5,0.333333333333333,-0.166666666666667,64.3049783418773,61.628913568792
2020/11/3,12641.28,12760.14,12641.28,12736.01,118.859999999999,94.7299999999996,24.1299999999992,0,1.00756714707237,1.00940252885784,1,1.0074937031693,0.007493703169299,0.796988053171803,0.203011946828197,0,35.0665397415345,36.1658448435871,114.5,116,113.5,114.5,2.5,0,1.5,-1,0.982832618025751,1.01310043668122,0.991266375545852,1,0,0,0.6,-0.4,64.3049783418773,48.1915698884021
2020/11/4,12766.86,12885.28,12736.02,12867.9,149.26,101.039999999999,17.380000000001,-30.8400000000001,1.00242226568604,1.00927557755,0.997584370784986,1.0079142404632,0.007914240463199,0.676939568538114,0.116441109473409,-0.206619321988477,50.8076054510342,50.2417775708602,115.5,117,114.5,116,2.5,0.5,1,-1,1.00873362445415,1.01298701298701,0.991341991341991,1.004329004329,0.004329004329004,0.2,0.4,-0.4,58.5927730117099,50.4453076838872
2020/11/5,12878.01,12918.8,12840.4,12918.8,78.3999999999996,40.7899999999991,0,-37.6100000000006,1.00078567598443,1.00316741484127,0.997079517720517,1.00316741484127,0.003167414841268,0.520280612244888,0,-0.479719387755112,64.442281642317,54.9874136089147,116,116.5,114.5,115,2,-1,0.5,-0.5,1,1.00431034482759,0.987068965517241,0.991379310344828,-0.008620689655172,-0.5,0.25,-0.25,58.065922299279,48.2294415420112
2020/11/6,12952.49,12999.16,12927.3,12973.53,71.8600000000006,21.0400000000009,25.6299999999992,-25.1900000000005,1.00260782735239,1.00360316819391,0.998055200197028,1.00162439808871,0.001624398088707,0.292791539103823,0.356665738936808,-0.35054272195937,70.8761982309892,51.4166687871167,116,118.5,115,118.5,3.5,2.5,0,-1,1.00869565217391,1.02155172413793,0.991379310344828,1.02155172413793,0.021551724137931,0.714285714285714,0,-0.285714285714286,54.8166259168704,70.8676903560584
2020/11/9,13053.98,13149.9,13048.67,13127.47,101.23,73.4899999999998,22.4300000000003,-5.30999999999949,1.00620108790745,1.00734795058672,0.999593227506094,1.00562970067366,0.005629700673664,0.725970562086339,0.221574632026083,-0.052454805887578,100,62.1960229411466,119.5,120.5,118,118.5,2.5,-1,1,-0.5,1.0084388185654,1.00836820083682,0.98744769874477,0.99163179916318,-0.00836820083682,-0.4,0.4,-0.2,60.370791939464,62.6408981142805
2020/11/10,13090.65,13142.22,13022.92,13081.72,119.299999999999,-8.93000000000029,51.5699999999997,-58.7999999999993,0.997195194504349,1.00393945296834,0.994826078155019,0.999317833721014,-0.000682166278985,-0.074853310980724,0.432271584241409,-0.492875104777868,96.4130343035368,62.8497387939618,119,119,115,115.5,4,-3.5,0,-0.5,1.0042194092827,1,0.966386554621849,0.970588235294117,-0.029411764705882,-0.875,0,-0.125,35.8055244030079,48.5514749023827
2020/11/11,13067.04,13262.19,13067.04,13262.19,195.15,195.15,0,0,0.998877823405485,1.01493452227896,1,1.01493452227896,0.014934522278955,1,0,0,97.3801329494555,72.322389711922,115.5,118.5,115.5,118,3,2.5,0.5,0,1,1.02597402597403,1,1.02164502164502,0.021645021645022,0.833333333333333,0.166666666666667,0,48.2120522582972,51.9498557589696
2020/11/12,13324.86,13324.86,13193.74,13221.78,131.120000000001,-103.08,0,-28.0400000000009,1.00472546389397,1,0.990159746518913,0.992264083825271,-0.007735916174729,-0.786150091519214,0,-0.213849908480786,72.4959518914597,68.5898512806164,120,120,118,118.5,2,-1.5,0,-0.5,1.01694915254237,1,0.983333333333333,0.9875,-0.0125,-0.75,0,-0.25,46.2112382542679,50.3890984939322
2020/11/13,13221.8,13273.33,13170.12,13273.33,103.209999999999,51.5300000000007,0,-51.6799999999985,1.00000151265563,1.00389735134399,0.996091303755918,1.00389735134399,0.003897351343993,0.499273326228089,0,-0.500726673771911,74.3972921687181,72.7623647487207,118,118.5,116,116.5,2.5,-1.5,0.5,-0.5,0.9957805907173,1.00423728813559,0.983050847457627,0.98728813559322,-0.01271186440678,-0.6,0.2,-0.2,25.5739919872294,36.0452800658362
2020/11/16,13356.74,13551.83,13356.74,13551.83,195.09,195.09,0,0,1.00628402970468,1.01460610897569,1,1.01460610897569,0.014606108975693,1,0,0,79.88802233754,87.5629496987046,117.5,120,117.5,117.5,2.5,0,2.5,0,1.00858369098712,1.02127659574468,1,1,0,0,1,0,28.3799718888314,39.891254275393
2020/11/17,13723.77,13780.12,13593.01,13593.01,187.110000000001,-130.76,56.3500000000004,0,1.0126875853667,1.00410601460094,0.990472005870107,0.990472005870107,-0.009527994129893,-0.698840254395809,0.301159745604191,0,65.9501661258274,74.2597179377237,118,119,116,117,3,-1,1,-1,1.00425531914894,1.00847457627119,0.983050847457627,0.991525423728814,-0.008474576271186,-0.333333333333333,0.333333333333333,-0.333333333333333,39.1188317392962,37.2421363571041
2020/11/18,13628.42,13773.29,13608.72,13773.29,164.570000000002,144.870000000001,0,-19.7000000000007,1.00260501537187,1.01062999232486,0.998554491276318,1.01062999232486,0.010629992324862,0.880294099775168,0,-0.119705900224832,62.7911820688276,75.2247717593303,116.5,117,114,114.5,3,-2,0.5,-0.5,0.995726495726496,1.00429184549356,0.978540772532189,0.982832618025751,-0.017167381974249,-0.666666666666667,0.166666666666667,-0.166666666666667,0,30.7556920228855
2020/11/19,13775.26,13785.92,13700.04,13722.43,85.8799999999992,-52.8299999999999,10.6599999999999,-22.3899999999994,1.00014303045968,1.00077385109247,0.994539486006072,0.996164863675894,-0.003835136324106,-0.615160689333959,0.124126688402421,-0.260712622263619,68.5548119880359,70.2048787097577,113.5,114.5,113,114,1.5,0.5,0.5,-0.5,0.991266375545852,1.00881057268722,0.995594713656388,1.00440528634361,0.004405286343612,0.333333333333333,0.333333333333333,-0.333333333333333,10.3025681476249,34.940907621972
2020/11/20,13702.59,13726.22,13666.07,13716.44,60.1499999999996,13.8500000000004,9.77999999999884,-36.5200000000004,0.998554191932478,1.00172449150124,0.99733481042635,1.00101075782024,0.001010757820237,0.230257689110564,0.162593516209458,-0.607148794679978,66.2632315800879,69.9526566731698,114,116,113,114,3,0,2,-1,1,1.01754385964912,0.991228070175439,1,0,0,0.666666666666667,-0.333333333333333,14.6611990678775,22.7148391586402
2020/11/23,13793.55,13921.16,13793.55,13878.01,127.610000000001,84.4600000000009,43.1499999999996,0,1.00562172108798,1.0092514254851,1,1.00612315176296,0.006123151762962,0.661860355771496,0.338139644228504,0,57.0690507897992,70.1558118532101,114.5,115.5,113.5,114.5,2,0,1,-1,1.00438596491228,1.00873362445415,0.991266375545852,1,0,0,0.5,-0.5,14.6611990678775,24.5027405391031
2020/11/24,13918.84,13951.17,13798.32,13807.13,152.85,-111.710000000001,32.3299999999999,-8.80999999999949,1.00294206446025,1.00232275103385,0.991341232459027,0.991974187504131,-0.008025812495869,-0.730847235852147,0.211514556754988,-0.057638207392865,59.9628402220101,63.7420144176636,115,117,114.5,115.5,2.5,0.5,1.5,-0.5,1.00436681222707,1.01739130434783,0.995652173913044,1.00434782608696,0.004347826086957,0.2,0.6,-0.2,33.769079763162,37.4121871026742
2020/11/25,13860.95,13893.2,13731.81,13738.83,161.390000000001,-122.120000000001,32.25,-7.02000000000044,1.00389798604055,1.00232668035019,0.990683178281431,0.991189637073938,-0.008810362926062,-0.756676374000867,0.199826507218537,-0.043497118780596,25.6567264785546,48.8761443828869,116.5,117.5,115.5,116.5,2,0,1,-1,1.00865800865801,1.00858369098712,0.991416309012875,1,0,0,0.5,-0.5,100,14.6847215318356
2020/11/26,13763.79,13856.76,13763.79,13845.66,92.9699999999994,81.869999999999,11.1000000000004,0,1.00181674858776,1.00675468021526,1,1.00594821629798,0.005948216297982,0.880606647305578,0.119393352694422,0,43.7261652947519,58.2968251272412,117,118,115.5,117,2.5,0,1,-1.5,1.00429184549356,1.00854700854701,0.987179487179487,1,0,0,0.4,-0.6,100,18.5813668734476
2020/11/27,13833.21,13885.01,13811.81,13867.09,73.2000000000007,33.880000000001,17.9200000000001,-21.3999999999996,0.999100801261912,1.00374461169895,0.998452998255647,1.00244917846256,0.002449178462555,0.462841530054654,0.244808743169397,-0.292349726775948,46.3076036735243,57.4458147643985,117,118,116,117.5,2,0.5,0.5,-1,1,1.00854700854701,0.991452991452992,1.0042735042735,0.004273504273504,0.25,0.25,-0.5,100,33.6878633905766
2020/11/30,13917.65,13969.39,13722.89,13722.89,246.5,-194.76,51.7399999999998,0,1.00364604253668,1.00371758163196,0.986006258240436,0.986006258240436,-0.013993741759564,-0.790101419878297,0.209898580121703,0,21.407010434327,37.1850479559886,118.5,121.5,117.5,120,4,1.5,1.5,-1,1.00851063829787,1.0253164556962,0.991561181434599,1.0126582278481,0.012658227848101,0.375,0.375,-0.25,100,50.0417776915778
2020/12/1,13810.55,13885.67,13749.71,13885.67,135.960000000001,75.1200000000008,0,-60.8400000000002,1.00638786727869,1.00543931994019,0.995594672189015,1.00543931994019,0.005439319940191,0.552515445719331,0,-0.447484554280669,37.7631148332909,47.6877643495323,121.5,122.5,119.5,122.5,3,1,0,-2,1.0125,1.0082304526749,0.983539094650206,1.0082304526749,0.008230452674897,0.333333333333333,0,-0.666666666666667,100,66.392949150942
2020/12/2,13970.51,13995.7,13894.7,13989.14,101,18.6299999999992,6.56000000000131,-75.8099999999995,1.0061098960295,1.00180308378148,0.99457356961199,1.0013335232572,0.001333523257204,0.184455445544547,0.064950495049518,-0.750594059405936,52.0170364431801,39.151238092376,123.5,123.5,121,122.5,2.5,-1,0,-1.5,1.00816326530612,1,0.979757085020243,0.991902834008097,-0.008097165991903,-0.4,0,-0.6,75.6544676911566,80.7267525598312
2020/12/3,13988.49,14049.58,13940.07,13977.09,109.51,-11.3999999999996,61.0900000000001,-37.0200000000004,0.999953535385306,1.0043671618595,0.996538582791995,0.999185044275687,-0.000814955724313,-0.104100082184272,0.557848598301525,-0.338051319514203,38.375970376727,41.3430074473126,123.5,124,121,121.5,3,-2,0.5,-0.5,1.00816326530612,1.00404858299595,0.979757085020243,0.983805668016194,-0.016194331983806,-0.666666666666667,0.166666666666667,-0.166666666666667,50.8803053402561,54.8497830436418
2020/12/4,14010.17,14149.56,14010.17,14132.44,139.389999999999,122.27,17.119999999999,0,1.00236673012766,1.00994920118742,1,1.0087272317181,0.008727231718102,0.877179137671289,0.122820862328711,0,51.1405566390297,48.6830143145115,121.5,122,120,121,2,-0.5,0.5,-1,1,1.00411522633745,0.987654320987654,0.995884773662552,-0.004115226337449,-0.25,0.25,-0.5,42.3744983785541,50.9524764876306
2020/12/7,14230,14306.87,14142.02,14256.6,164.85,26.6000000000004,50.2700000000004,-87.9799999999996,1.00690326652722,1.00540196767393,0.993817287420942,1.0018692902319,0.001869290231904,0.161358811040342,0.304943888383381,-0.533697300576278,95.5183604047541,44.8807299933965,123,123.5,119.5,121.5,4,-1.5,0.5,-2,1.01652892561983,1.00406504065041,0.971544715447154,0.98780487804878,-0.01219512195122,-0.375,0.125,-0.5,16.8545263149135,42.0899004589698
2020/12/8,14251.94,14367,14184.58,14360.4,182.42,108.459999999999,6.60000000000036,-67.3600000000006,0.99967313384678,1.00807328686481,0.995273625906368,1.00761019201596,0.007610192015964,0.594561999780721,0.036180243394367,-0.369257756824913,95.9963252305407,58.5601528198214,123,124.5,122,123.5,2.5,0.5,1,-1,1.01234567901235,1.01219512195122,0.991869918699187,1.00406504065041,0.004065040650407,0.2,0.4,-0.4,9.1007924016776,41.8553830527085
2020/12/9,14336.69,14427.41,14336.69,14390.14,90.7199999999994,53.4499999999989,37.2700000000004,0,0.99834893178463,1.00632782043833,1,1.0037281966758,0.003728196675802,0.589175485008811,0.410824514991189,0,96.4177559938188,71.4744743434427,124,125,122,122.5,3,-1.5,1,-0.5,1.00404858299595,1.00806451612903,0.983870967741936,0.987903225806452,-0.012096774193548,-0.5,0.333333333333333,-0.166666666666667,8.35285269810656,35.6752196136733
2020/12/10,14295.15,14319.38,14191.85,14249.49,127.529999999999,-45.6599999999999,24.2299999999996,-57.6399999999994,0.993398952338198,1.0016949804654,0.992773772922984,0.996805909696645,-0.003194090303355,-0.358033403904966,0.189994511095427,-0.451972084999608,87.2892268565335,63.3789863842667,122,122,119,120,3,-2,0,-1,0.995918367346939,1,0.975409836065574,0.983606557377049,-0.016393442622951,-0.666666666666667,0,-0.333333333333333,8.31881767871635,29.726847991429
2020/12/11,14298.59,14353.17,14081.42,14261.69,271.75,-36.8999999999996,54.5799999999999,-180.27,1.00344573735621,1.00381715959406,0.984811789134453,0.997419325961511,-0.002580674038489,-0.135786568537257,0.200846366145354,-0.663367065317389,69.5783927228433,58.2411154846325,120.5,121,116,117,5,-3.5,0.5,-1,1.00416666666667,1.00414937759336,0.962655601659751,0.970954356846473,-0.029045643153527,-0.7,0.1,-0.2,5.50848204110128,20.2725093850216
2020/12/14,14238.92,14270.34,14182.25,14211.05,88.0900000000002,-27.8700000000008,31.4200000000001,-28.7999999999993,0.998403415023044,1.00220662803078,0.996020063319409,0.998042688630879,-0.001957311369121,-0.316380974003868,0.356680667499149,-0.326938358496983,59.4552311486578,77.0578963955518,117.5,118,115.5,117,2.5,-0.5,0.5,-1.5,1.0042735042735,1.00425531914894,0.982978723404255,0.995744680851064,-0.004255319148936,-0.2,0.2,-0.6,6.17259943653377,10.7207708877463
2020/12/15,14206.33,14256.55,14053.35,14068.52,203.199999999999,-137.81,50.2199999999993,-15.1700000000001,0.999667864091675,1.00353504388537,0.989231560860546,0.990299394706444,-0.009700605293556,-0.678198818897639,0.247145669291337,-0.074655511811024,17.618346139152,56.0468116252545,117,117,113,113.5,4,-3.5,0,-0.5,1,1,0.965811965811966,0.97008547008547,-0.02991452991453,-0.875,0,-0.125,0,2.98083395871435
2020/12/16,14145.24,14339.5,14145.24,14304.46,194.26,159.219999999999,35.0400000000009,0,1.00545330994305,1.01373324171241,1,1.01125608331849,0.011256083318487,0.819623185421596,0.180376814578404,0,39.2351625596516,64.5254228497519,115,118.5,115,118.5,3.5,3.5,0,0,1.01321585903084,1.0304347826087,1,1.0304347826087,0.030434782608696,1,0,0,27.6569924338483,21.7376202208524
2020/12/17,14326.16,14338.4,14213.49,14258.93,124.91,-67.2299999999996,12.2399999999998,-45.4400000000005,1.00151700938029,1.0008543810763,0.992135366350788,0.995307186294164,-0.004692813705836,-0.538227523817145,0.097990553198301,-0.363781922984553,37.2872476863426,60.001989927265,117.5,119,116.5,118,2.5,0.5,1,-1,0.991561181434599,1.01276595744681,0.991489361702127,1.00425531914894,0.004255319148936,0.2,0.4,-0.4,35.4321958014195,26.4051411171127
2020/12/18,14268.13,14329.12,14245.6,14249.96,83.5200000000004,-18.1700000000001,60.9900000000016,-4.35999999999876,1.00064520970367,1.00427456155782,0.998420956355178,0.99872653248884,-0.00127346751116,-0.217552681992337,0.730244252873579,-0.052203065134085,38.9749782602696,51.112347899721,118.5,121,118.5,120,2.5,1.5,1,0,1.00423728813559,1.0210970464135,1,1.0126582278481,0.012658227848101,0.6,0.4,0,58.0831544309554,33.1028134229728
2020/12/21,14273.79,14384.96,14166.89,14384.96,218.07,111.169999999998,0,-106.900000000001,1.00167228539589,1.0077884009783,0.992510748721958,1.0077884009783,0.007788400978296,0.50979043426422,0,-0.49020956573578,54.8652613072815,56.4928155944805,120,120.5,118,119,2.5,-1,0.5,-1,1,1.00416666666667,0.983333333333333,0.991666666666667,-0.008333333333333,-0.4,0.2,-0.4,55.3159293973712,33.9468809811113
2020/12/22,14348.11,14411.93,14175.69,14177.46,236.24,-170.650000000001,63.8199999999997,-1.76999999999862,0.997438296665406,1.00444797259012,0.987983086274081,0.988106447469388,-0.011893552530612,-0.722358618354223,0.270149001015915,-0.007492380629862,51.6050297254526,39.219158203738,119.5,119.5,116,117.5,3.5,-2,0,-1.5,1.00420168067227,1,0.97071129707113,0.98326359832636,-0.01673640167364,-0.571428571428571,0,-0.428571428571429,65.3819317858783,28.8491597249048
2020/12/23,14180.7,14247.79,14134.87,14223.09,112.92,42.3899999999994,24.7000000000007,-45.8299999999999,1.00022853176803,1.00473107815552,0.996768142616373,1.00298927415431,0.002989274154308,0.375398512221036,0.218738930216088,-0.405862557562875,37.6348207439641,38.4357070849226,118.5,119,117,118.5,2,0,0.5,-1.5,1.00851063829787,1.0042194092827,0.987341772151899,1,0,0,0.25,-0.75,40.2863858890822,31.1446846785133
2020/12/24,14256.29,14324.42,14256.29,14280.28,68.1299999999992,23.9899999999998,44.1399999999994,0,1.00233423257534,1.00477894318929,1,1.00168276599312,0.001682765993116,0.352120945251726,0.647879054748274,0,48.6214418364876,42.491348491032,119.5,121,119,119.5,2,0,1.5,-0.5,1.0084388185654,1.01255230125523,0.99581589958159,1,0,0,0.75,-0.25,33.551315497011,34.9090082959214
2020/12/25,14306.98,14400.83,14296.97,14331.42,103.860000000001,24.4400000000005,69.4099999999999,-10.0100000000002,1.00186971123816,1.00655973517821,0.999300341511626,1.0017082570885,0.001708257088498,0.235316772578475,0.668303485461193,-0.096379741960333,54.3648296263475,46.2752272849157,121,121.5,118.5,119.5,3,-1.5,0.5,-1,1.01255230125523,1.00413223140496,0.979338842975207,0.987603305785124,-0.012396694214876,-0.5,0.166666666666667,-0.333333333333333,0,39.7936594026421
2020/12/28,14363.45,14483.07,14363.45,14483.07,119.619999999999,119.619999999999,0,0,1.00223494950256,1.00832808273778,1,1.00832808273778,0.008328082737782,1,0,0,55.2906446601873,55.0498218941568,119.5,120,119,119.5,1,0,0.5,-0.5,1,1.00418410041841,0.99581589958159,1,0,0,0.5,-0.5,0,41.2696096392284
2020/12/29,14500.91,14547.07,14435.03,14472.05,112.039999999999,-28.8600000000006,46.1599999999999,-37.0199999999986,1.00123178304047,1.00318324849958,0.995456836846791,0.998009780075871,-0.001990219924129,-0.257586576222785,0.411995715815782,-0.330417707961433,88.0815161971325,62.9683337516595,120.5,122.5,120,120,2.5,-0.5,2,0,1.00836820083682,1.01659751037344,0.995850622406639,0.995850622406639,-0.004149377593361,-0.2,0.8,0,0,53.2218166899291
2020/12/30,14485.97,14695.44,14476.69,14687.7,218.75,201.730000000001,7.73999999999978,-9.27999999999884,1.00096185405661,1.01446019838506,0.999359380145064,1.01392588829053,0.013925888290532,0.922194285714292,0.035382857142856,-0.042422857142852,92.798246752581,64.7252653795025,121,121.5,120,121,1.5,0,0.5,-1,1.00833333333333,1.00413223140496,0.991735537190083,1,0,0,0.333333333333333,-0.666666666666667,0,28.897546095064
2020/12/31,14704.53,14760.06,14646.33,14732.53,113.73,28,27.5299999999988,-58.2000000000007,1.00114585673727,1.00377638727657,0.996042036025633,1.00190417510794,0.001904175107943,0.246197133561946,0.242064538820003,-0.511738327618051,92.8554874957677,71.6602795773033,121,121.5,120,121,1.5,0,0.5,-1,1,1.00413223140496,0.991735537190083,1,0,0,0.333333333333333,-0.666666666666667,0,23.322806064864
2021/1/4,14720.25,14937.13,14720.25,14902.03,216.879999999999,181.780000000001,35.0999999999985,0,0.999166470388996,1.01473344542382,1,1.01234897505137,0.012348975051375,0.838159350793071,0.161840649206929,0,94.8302405655727,78.4946402920554,121,124,120.5,123,3.5,2,1,-0.5,1,1.02479338842975,0.995867768595041,1.01652892561983,0.016528925619835,0.571428571428571,0.285714285714286,-0.142857142857143,79.9336650082919,28.4272107336628
2021/1/5,14913.64,15000.03,14861.99,15000.03,138.040000000001,86.3900000000012,0,-51.6499999999996,1.0007790884866,1.00579268374455,0.996536727452185,1.00579268374455,0.005792683744545,0.625833091857438,0,-0.374166908142562,94.4657607267997,77.8086435048377,123,123,121,123,2,0,0,-2,1,1,0.983739837398374,1,0,0,0,-1,79.9336650082919,33.1830181804041
2021/1/6,15145.85,15197.68,14837,14983.13,360.68,-162.720000000001,51.8299999999999,-146.129999999999,1.00972131389071,1.00342205950805,0.979608275534222,0.989256462991512,-0.010743537008488,-0.451147831873131,0.143700787401574,-0.405151380725294,75.9734435179236,79.2656623129096,124,126,122,122.5,4,-1.5,2,-0.5,1.00813008130081,1.01612903225806,0.983870967741936,0.987903225806452,-0.012096774193548,-0.375,0.5,-0.125,57.7415599534342,36.5912715540332
2021/1/7,15059.52,15270.4,15049.86,15214,220.539999999999,154.48,56.3999999999996,-9.65999999999985,1.00509840066795,1.01400310235652,0.99935854529228,1.01025796306921,0.010257963069208,0.700462501133582,0.255735920921374,-0.043801577945044,73.8264682103001,81.4599817558876,124,125,122.5,124,2.5,0,1,-1.5,1.01224489795918,1.00806451612903,0.987903225806452,1,0,0,0.4,-0.6,57.7415599534342,36.5912715540332
2021/1/8,15365.13,15463.95,15275.38,15463.95,188.570000000002,98.8200000000015,0,-89.75,1.00993361377678,1.00643144574761,0.994158851893866,1.00643144574761,0.006431445747612,0.524049424616857,0,-0.475950575383143,76.4264833501518,82.6589350072131,124.5,125,122,122.5,3,-2,0.5,-0.5,1.00403225806452,1.00401606425703,0.979919678714859,0.983935742971888,-0.016064257028113,-0.666666666666667,0.166666666666667,-0.166666666666667,36.985772169033,26.9921580224927
2021/1/11,15425.58,15557.3,15395.73,15557.3,161.57,131.719999999999,0,-29.8500000000004,0.997518745210635,1.00853906303685,0.99806490258389,1.00853906303685,0.008539063036852,0.815250355882897,0,-0.184749644117104,74.2760299718741,84.1347691521466,123,123.5,121,122.5,2.5,-0.5,0.5,-1.5,1.00408163265306,1.00406504065041,0.983739837398374,0.995934959349593,-0.004065040650407,-0.2,0.2,-0.6,0,31.2430221379535
2021/1/12,15549.53,15642.03,15421.23,15500.7,220.800000000001,-48.8299999999999,92.5,-79.4700000000012,0.999500556009076,1.00594873285559,0.991748946752731,0.996859712158503,-0.003140287841497,-0.221150362318839,0.418931159420288,-0.359918478260873,64.5026602370629,78.8555368350615,122.5,122.5,119,119,3.5,-3.5,0,0,1,1,0.971428571428571,0.971428571428571,-0.028571428571429,-1,0,0,0,20.2869132650491
2021/1/13,15550.16,15778.52,15550.16,15769.98,228.360000000001,219.82,8.54000000000087,0,1.00319082364022,1.01468537944304,1,1.0141361889524,0.014136188952397,0.962602907689609,0.037397092310391,0,92.6119476874669,84.0818714009593,120,122.5,119.5,120,3,0,2.5,-0.5,1.00840336134454,1.02083333333333,0.995833333333333,1,0,0,0.833333333333333,-0.166666666666667,0,21.3755199371266
2021/1/14,15651.2,15760.15,15620.96,15707.19,139.190000000001,55.9899999999998,52.9599999999991,-30.2400000000016,0.99246796761949,1.00696112758127,0.998067879779186,1.00357736148027,0.00357736148027,0.402255909188875,0.38048710395861,-0.217256986852514,91.2342077404557,81.9389602749457,120,125,120,124.5,5,4.5,0.5,0,1,1.04166666666667,1,1.0375,0.0375,0.9,0.1,0,43.5031137571452,47.0526928966995
2021/1/15,15987.16,16041.59,15615.11,15616.39,426.48,-370.77,54.4300000000003,-1.27999999999884,1.0178243212185,1.00340460719728,0.976728199380002,0.976808263631564,-0.023191736368436,-0.86937253798537,0.127626148940162,-0.003001313074467,49.9244924526256,62.2291693075097,124.5,125,120,120.5,5,-4,0.5,-0.5,1,1.00401606425703,0.963855421686747,0.967871485943775,-0.032128514056225,-0.8,0.1,-0.1,36.6694432424019,36.7656409344792
2021/1/18,15676.45,15676.45,15320.97,15612,355.480000000001,-64.4500000000007,0,-291.030000000001,1.0038459592774,1,0.977323947704997,0.995888737564946,-0.004111262435054,-0.181304152132329,0,-0.818695847867671,36.783043712159,54.1969272564108,119.5,120.5,117,120,3.5,0.5,0.5,-2.5,0.991701244813278,1.00836820083682,0.97907949790795,1.00418410041841,0.00418410041841,0.142857142857143,0.142857142857143,-0.714285714285714,40.7134736803234,30.9665439657058
2021/1/19,15716.64,15928.14,15716.64,15877.37,211.5,160.730000000001,50.7699999999986,0,1.00670253651038,1.01345707479461,1,1.01022674057559,0.010226740575594,0.759952718676129,0.240047281323871,0,50.5768050807097,56.3493533615526,120,120.5,118,118.5,2.5,-1.5,0.5,-0.5,1,1.00416666666667,0.983333333333333,0.9875,-0.0125,-0.6,0.2,-0.2,48.2943317985808,28.3353054557859
2021/1/20,15934.85,16004.32,15745.48,15806.18,258.84,-128.67,69.4699999999993,-60.7000000000007,1.00362024693006,1.0043596268556,0.988115984775508,0.991925245609466,-0.008074754390534,-0.497102457116365,0.268389738834799,-0.234507804048836,28.0674691626143,57.9895476795095,118,118.5,113.5,113.5,5,-4.5,0.5,0,0.9957805907173,1.00423728813559,0.961864406779661,0.961864406779661,-0.038135593220339,-0.9,0.1,0,33.4951392153264,24.0741305584184
2021/1/21,15775.73,16238.46,15775.73,16153.77,462.73,378.040000000001,84.6899999999987,0,0.998073538324883,1.02933176467904,1,1.0239633918684,0.023963391868395,0.816977503079552,0.183022496920448,0,49.1464303254709,63.4526757333333,117.5,122,117,120,5,2.5,2,-0.5,1.0352422907489,1.03829787234043,0.995744680851064,1.02127659574468,0.021276595744681,0.5,0.4,-0.1,23.5257495083256,32.3829366768895
2021/1/22,15984.89,16138.04,15973.02,16019.03,165.02,34.1400000000012,119.01,-11.869999999999,0.989545474523904,1.00958092298414,0.999257423729535,1.00213576696493,0.002135766964928,0.206884014058909,0.721185310871409,-0.071930675069682,74.8803638951693,61.8997487606709,120,124,119,121,5,1,3,-1,1,1.03333333333333,0.991666666666667,1.00833333333333,0.008333333333333,0.2,0.6,-0.2,40.0262708857451,38.1875143722155
2021/1/25,16006.21,16014.96,15772.63,15946.54,242.33,-59.6699999999983,8.75,-173.910000000002,0.999199701854607,1.00054666282649,0.985406913941526,0.996272071902093,-0.003727928097907,-0.246234473651625,0.036107786902158,-0.717657739446217,75.4767707188796,56.1242298333957,121.5,123.5,120,123,3.5,1.5,0.5,-1.5,1.00413223140496,1.01646090534979,0.987654320987654,1.01234567901235,0.012345679012346,0.428571428571429,0.142857142857143,-0.428571428571429,45.3127375997355,42.8976041469795
2021/1/26,15955.16,16023.87,15589.21,15658.85,434.660000000002,-296.309999999999,68.7100000000009,-69.6400000000012,1.00054055613318,1.00430644380877,0.977063846429619,0.981428578591503,-0.018571421408497,-0.681705240877924,0.158077577876963,-0.160217181245113,46.2150716490085,48.3719275362187,124.5,125.5,121.5,121.5,4,-3,1,0,1.01219512195122,1.00803212851406,0.975903614457831,0.975903614457831,-0.024096385542169,-0.75,0.25,0,40.2692963314421,43.9053123964835
2021/1/27,15711.76,15837.47,15642.12,15701.45,195.349999999999,-10.3099999999995,125.709999999999,-59.3299999999999,1.00337891990791,1.00800101325377,0.995567651237035,0.999343803622255,-0.000656196377745,-0.052777066803172,0.643511645764014,-0.303711287432815,53.2041910834844,40.6195625156715,123,124,122.5,123,1.5,0,1,-0.5,1.01234567901235,1.00813008130081,0.995934959349593,1,0,0,0.666666666666667,-0.333333333333333,63.5190639722009,43.9053123964835
2021/1/28,15519.85,15557.02,15367.45,15415.88,189.57,-103.970000000001,37.1700000000001,-48.4299999999985,0.988434189199087,1.00239499737433,0.990180317464408,0.993300837314794,-0.006699162685206,-0.548451759244613,0.196075328374744,-0.255472912380643,6.71826051366971,35.8390753251895,120,123,120,121.5,3,1.5,1.5,0,0.975609756097561,1.025,1,1.0125,0.0125,0.5,0.5,0,57.9289076448629,35.4318049394574
2021/1/29,15544.36,15603.41,15138.31,15138.31,465.1,-406.050000000001,59.0499999999993,0,1.00833426311051,1.00379880548315,0.973877985327154,0.973877985327154,-0.026122014672846,-0.873038056331973,0.126961943668027,0,0,34.8320771957433,121.5,121.5,118.5,119,3,-2.5,0,-0.5,1,1,0.975308641975309,0.979423868312757,-0.020576131687243,-0.833333333333333,0,-0.166666666666667,35.7398211627098,38.0906393513569
2021/2/1,15176.56,15429.98,15089.96,15410.09,340.02,233.530000000001,19.8899999999994,-86.6000000000004,1.00252670212197,1.01669811867775,0.994293832067346,1.01538754500361,0.015387545003611,0.686812540438799,0.058496559025938,-0.254690900535263,22.8178827170364,44.7483920702798,119,119,115.5,117.5,3.5,-1.5,0,-2,1,1,0.970588235294117,0.987394957983193,-0.012605042016807,-0.428571428571429,0,-0.571428571428571,17.9140688425233,33.5382298316374
2021/2/2,15546.69,15838.15,15546.69,15760.05,291.459999999999,213.359999999999,78.1000000000004,0,1.0088643220124,1.01874739896402,1,1.01372382159804,0.013723821598038,0.732038701708637,0.267961298291363,0,46.5121465054181,46.3712385248339,118.5,120,118,118,2,-0.5,1.5,0,1.00851063829787,1.0126582278481,0.9957805907173,0.9957805907173,-0.0042194092827,-0.25,0.75,0,25.0498075409642,35.3405508982552
2021/2/3,15828.64,15896.4,15741.16,15771.32,155.24,-57.3199999999997,67.7600000000002,-30.1599999999999,1.00435214355284,1.0042808478808,0.994473309140899,0.996378716048884,-0.003621283951116,-0.369234733316154,0.436485441896421,-0.194279824787425,44.4083397254133,48.1731369984782,119,119.5,118,118.5,1.5,-0.5,0.5,-0.5,1.00847457627119,1.00420168067227,0.991596638655462,0.995798319327731,-0.004201680672269,-0.333333333333333,0.333333333333333,-0.333333333333333,23.1043937066693,45.3214137541764
2021/2/4,15697.75,15801.37,15606.74,15706.22,194.630000000001,8.46999999999935,95.1500000000015,-91.0100000000002,0.995335203394516,1.00660094599545,0.994202353840519,1.00053956777245,0.000539567772451,0.043518470944866,0.48887632944562,-0.467605199609514,49.9222447658636,34.8596840968703,118,122.5,117.5,122,5,4,0.5,-0.5,0.9957805907173,1.03813559322034,0.995762711864407,1.03389830508475,0.033898305084746,0.8,0.1,-0.1,44.8980791122124,50.5191708500464
2021/2/5,15805.76,15938.09,15774.34,15802.4,163.75,-3.36000000000058,132.33,-28.0599999999995,1.0063376165621,1.00837226428846,0.998012117101614,0.999787419269937,-0.000212580730063,-0.020519083969469,0.80812213740458,-0.171358778625951,88.5504324668332,33.2180469377193,123,123.5,121.5,122.5,2,-0.5,0.5,-1,1.00819672131148,1.00406504065041,0.98780487804878,0.995934959349593,-0.004065040650407,-0.25,0.25,-0.5,57.465002916553,45.7124328003544
2021/2/17,16197.45,16406.78,16197.45,16362.29,209.329999999998,164.84,44.489999999998,0,1.02499936718473,1.01292363921481,1,1.01017691056308,0.010176910563083,0.787464768547278,0.212535231452722,0,86.440396264867,41.6128250874319,125,125,122.5,124.5,2.5,-0.5,0,-2,1.02040816326531,1,0.98,0.996,-0.004,-0.2,0,-0.8,67.2793187428551,38.6131281436589
2021/2/18,16366.23,16517.73,16323.22,16424.51,194.51,58.2799999999988,93.2200000000012,-43.0100000000002,1.00024079759007,1.00925686612005,0.997372027644729,1.00356099113846,0.00356099113846,0.299624697958967,0.479255565266573,-0.22111973677446,78.8316827002812,53.7655464984865,125,126,122.5,125,3.5,0,1,-2.5,1.00401606425703,1.008,0.98,1,0,0,0.285714285714286,-0.714285714285714,73.4285404400776,48.2985590549546
2021/2/19,16376.91,16382.7,16211.25,16341.38,171.450000000001,-35.5300000000007,5.79000000000087,-130.129999999999,0.99710189223301,1.00035354654816,0.989884538658392,0.997830482062856,-0.002169517937144,-0.207232429279676,0.033770778652673,-0.75899679206765,85.7013180232673,52.7758712803801,124,134,124,132,10,8,2,0,0.992,1.08064516129032,1,1.06451612903226,0.064516129032258,0.8,0.2,0,92.4257321253477,69.0703906956515
2021/2/22,16445.87,16579.17,16410.16,16410.16,169.009999999998,-35.7099999999991,133.299999999999,0,1.00639419681814,1.0081053784324,0.997828634179888,0.997828634179888,-0.002171365820112,-0.21128927282409,0.78871072717591,0,75.1059355528517,55.8518393753288,131.5,132,128,129.5,4,-2,0.5,-1.5,0.996212121212121,1.00380228136882,0.973384030418251,0.984790874524715,-0.015209125475285,-0.5,0.125,-0.375,73.4889077615954,60.2694062395555
2021/2/23,16320.88,16467.75,16211.75,16443.4,256,122.520000000002,24.3499999999985,-109.129999999999,0.994559468036875,1.00899890201999,0.993313473293107,1.00750694815476,0.007506948154757,0.478593750000009,0.095117187499994,-0.426289062499997,83.0339679806706,86.1610382214337,128.5,129,126.5,128,2.5,-0.5,0.5,-1.5,0.992277992277992,1.00389105058366,0.98443579766537,0.996108949416342,-0.003891050583658,-0.2,0.2,-0.6,73.6348433834347,67.1286167834982
2021/2/24,16329.54,16456.94,16212.53,16212.53,244.409999999998,-117.01,127.399999999998,0,0.993075641290731,1.00780181193102,0.992834458288476,0.992834458288476,-0.007165541711524,-0.478744732212271,0.521255267787729,0,49.0287962027136,69.8313985910979,129,131,127,127.5,4,-1.5,2,-0.5,1.0078125,1.01550387596899,0.984496124031008,0.988372093023256,-0.011627906976744,-0.375,0.5,-0.125,67.7375849214163,67.5790345045983
2021/2/25,16376.8,16474.05,16322.27,16452.18,151.779999999999,75.380000000001,21.869999999999,-54.5299999999988,1.01013228657094,1.00593827854037,0.996670289678081,1.00460285281618,0.004602852816179,0.496639873501131,0.144090130451964,-0.359269996046905,51.2774595968912,63.2370310383337,129,131,128,128,3,-1,2,0,1.01176470588235,1.01550387596899,0.992248062015504,0.992248062015504,-0.007751937984496,-0.333333333333333,0.666666666666667,0,62.6393598201576,65.9785853482365
2021/2/26,16190.04,16190.04,15953.8,15953.8,236.240000000002,-236.240000000002,0,0,0.98406654923542,1,0.985408312765132,0.985408312765132,-0.014591687234868,-1,0,0,33.6024973452274,50.0726565179964,126,127.5,125.5,126,2,0,1.5,-0.5,0.984375,1.01190476190476,0.996031746031746,1,0,0,0.75,-0.25,0,67.8909881565874
2021/3/2,16127.87,16262.91,15946.88,15946.88,316.030000000001,-180.990000000002,135.039999999999,0,1.01091088016648,1.00837308336439,0.988777811329084,0.988777811329084,-0.011222188670916,-0.572698794418255,0.427301205581745,0,26.8574203547921,40.7817358634013,127.5,128,123.5,123.5,4.5,-4,0.5,0,1.01190476190476,1.00392156862745,0.968627450980392,0.968627450980392,-0.031372549019608,-0.888888888888889,0.111111111111111,0,0,45.2955382327062
2021/3/3,15992.32,16211.73,15884.55,16211.73,327.18,219.41,0,-107.77,1.00284946020789,1.01371971046102,0.993261140347367,1.01371971046102,0.013719710461021,0.670609450455406,0,-0.329390549544594,35.7151185153589,51.4612944170033,125,126,123,126,3,1,0,-2,1.01214574898785,1.008,0.984,1.008,0.008,0.333333333333333,0,-0.666666666666667,13.6164664245134,49.5434676211493
2021/3/4,16091.75,16091.75,15840.99,15906.41,250.76,-185.34,0,-65.4200000000001,0.992599185898112,1,0.984416859570898,0.98848229682912,-0.01151770317088,-0.73911309618759,0,-0.26088690381241,32.9221914169492,37.5700670433198,126.5,126.5,123,124,3.5,-2.5,0,-1,1.00396825396825,1,0.972332015810277,0.980237154150198,-0.019762845849802,-0.714285714285714,0,-0.285714285714286,11.9604111251878,44.7267242578928
2021/3/5,15759.58,15934.43,15636.43,15855.23,298,95.6499999999996,79.2000000000007,-123.15,0.990769130180852,1.01109483882185,0.992185705456618,1.0060693241825,0.006069324182497,0.320973154362415,0.265771812080539,-0.413255033557046,34.6442962613455,39.5096408916663,122,124,121,124,3,2,0,-1,0.983870967741936,1.01639344262295,0.991803278688525,1.01639344262295,0.016393442622951,0.666666666666667,0,-0.333333333333333,32.2968596271828,49.8023122017563
2021/3/8,15943.37,16074.97,15816.5,15820.11,258.469999999999,-123.26,131.599999999999,-3.61000000000058,1.00555904896996,1.00825421476137,0.992042460282864,0.992268886690831,-0.007731113309169,-0.476883197276282,0.509149998065535,-0.013966804658183,39.3732968068421,36.9633996466306,124.5,125.5,121.5,122.5,4,-2,1,-1,1.00403225806452,1.00803212851406,0.975903614457831,0.983935742971888,-0.016064257028113,-0.5,0.25,-0.25,26.6324036224131,18.7536390756522
2021/3/9,15715.07,15864.26,15657.92,15853.09,206.34,138.02,11.1700000000001,-57.1499999999996,0.993360349580376,1.00949343528218,0.996363363319412,1.00878265257489,0.008782652574885,0.668895996898325,0.054133953668703,-0.276970049432973,59.7477755537081,43.7860400269057,123,123.5,120.5,121,3,-2,0.5,-0.5,1.00408163265306,1.00406504065041,0.979674796747967,0.983739837398374,-0.016260162601626,-0.666666666666667,0.166666666666667,-0.166666666666667,31.8948964100348,18.6033176396574
2021/3/10,15921.45,15986.07,15857.32,15911.67,128.75,-9.78000000000066,64.619999999999,-54.3500000000004,1.00431209309983,1.00405867556033,0.995972100531045,0.999385734339523,-0.000614265660477,-0.075961165048549,0.501902912621351,-0.4221359223301,42.7825192550015,38.5674049172613,122,123.5,121,121,2.5,-1,1.5,0,1.00826446280992,1.01229508196721,0.991803278688525,0.991803278688525,-0.008196721311475,-0.4,0.6,0,21.3797498797797,18.0118691817512
2021/3/11,15947.21,16216.22,15947.21,16179.56,269.01,232.35,36.6599999999999,0,1.00223358076179,1.01686878143575,1,1.01456994671795,0.014569946717953,0.863722538195607,0.136277461804393,0,77.9031637702927,51.1065600145011,122,125,121,124,4,2,1,-1,1.00826446280992,1.02459016393443,0.991803278688525,1.01639344262295,0.016393442622951,0.5,0.25,-0.25,44.7248233941186,29.0928926070707
2021/3/12,16241.55,16298.03,16166.35,16255.18,131.68,13.630000000001,42.8500000000004,-75.1999999999989,1.00383137736749,1.00347750060801,0.995369900040329,1.00083920561769,0.00083920561769,0.103508505467808,0.32541008505468,-0.571081409477512,74.351256087867,49.054115460307,124,125,123,123,2,-1,1,0,1,1.00806451612903,0.991935483870967,0.991935483870967,-0.008064516129032,-0.5,0.5,0,25.2287931047883,29.0281716911391
2021/3/15,16256.58,16281.91,16194.91,16249.33,87,-7.25,25.3299999999999,-54.4200000000001,1.00008612639171,1.00155813830461,0.996206459169149,0.999554026738711,-0.000445973261289,-0.083333333333333,0.291149425287355,-0.625517241379311,95.8013738261863,58.2434458720873,124,125,123.5,124,1.5,0,1,-0.5,1.00813008130081,1.00806451612903,0.995967741935484,1,0,0,0.666666666666667,-0.333333333333333,33.5142499285856,29.0281716911391
2021/3/16,16253.93,16340.66,16244.99,16313.16,95.6700000000001,59.2299999999996,27.5,-8.94000000000051,1.00028308859504,1.00533594029259,0.999449979174267,1.00364404177943,0.003644041779434,0.619107348176017,0.287446430437964,-0.09344622138602,94.7287023561641,70.1046982144606,125,125.5,123.5,124,2,-1,0.5,-0.5,1.00806451612903,1.004,0.988,0.992,-0.008,-0.5,0.25,-0.25,40.3236296469731,34.8202928974097
2021/3/17,16312.98,16349.21,16166.35,16215.82,182.859999999999,-97.1599999999999,36.2299999999996,-49.4699999999993,0.999988965963676,1.00222093081705,0.991011452230065,0.99404400667444,-0.00595599332556,-0.53133544788363,0.198129716723175,-0.270534835393195,74.8500248660203,56.3487570727652,124,127,124,124.5,3,0.5,2.5,0,1,1.0241935483871,1,1.00403225806452,0.004032258064516,0.166666666666667,0.833333333333333,0,55.9758271379505,32.5350438370305
2021/3/18,16264.61,16410.02,16264.61,16287.84,145.41,23.2299999999996,122.18,0,1.00300879018144,1.00894026970213,1,1.00142825435101,0.001428254351011,0.159755175022348,0.840244824977652,0,48.0084212450539,70.5528782268778,125.5,127,125.5,126,1.5,0.5,1,0,1.00803212851406,1.01195219123506,1,1.00398406374502,0.00398406374502,0.333333333333333,0.666666666666667,0,33.2892145613295,41.8971998716195
2021/3/19,16186.46,16186.46,16022.17,16070.24,164.289999999999,-116.219999999999,0,-48.0699999999997,0.993775724712424,1,0.9898501587129,0.992819924801346,-0.007180075198654,-0.707407632844361,0,-0.292592367155639,27.1909737740355,57.1659134446567,125,126,124,125,2,0,1,-1,0.992063492063492,1.008,0.992,1,0,0,0.5,-0.5,50.0509536762877,30.1372151408129
2021/3/22,16065.5,16235.63,15983.77,16189.22,251.859999999999,123.719999999999,46.4099999999999,-81.7299999999996,0.999705044853095,1.01058977311631,0.99491270112975,1.00770097413713,0.007700974137126,0.491225283887874,0.184269038354642,-0.324505677757484,49.299869711925,72.2519081427286,125,125,123.5,124,1.5,-1,0,-0.5,1,1,0.988,0.992,-0.008,-0.666666666666667,0,-0.333333333333333,33.3786408806075,33.4695937029516
2021/3/23,16250.2,16351.38,16166.29,16177.59,185.089999999998,-72.6100000000006,101.179999999998,-11.2999999999993,1.00376670401662,1.00622638490603,0.994836371244662,0.995531747301571,-0.004468252698428,-0.392295639958946,0.546652979631527,-0.061051380409527,34.1489573472397,60.158458347341,125.5,126,124,124.5,2,-1,0.5,-0.5,1.01209677419355,1.00398406374502,0.98804780876494,0.99203187250996,-0.00796812749004,-0.5,0.25,-0.25,33.4229971654083,37.7631392517583
2021/3/24,15994.96,16125.54,15967.95,16032.12,157.59,37.1600000000017,93.4200000000001,-27.0099999999984,0.98871092665842,1.00816382160381,0.998311343073068,1.00232323181802,0.002323231818023,0.235801764071335,0.592804111936036,-0.171394123992629,49.5760586409461,62.8257816170291,124.5,125.5,124,124.5,1.5,0,1,-0.5,1,1.00803212851406,0.995983935742972,1,0,0,0.666666666666667,-0.333333333333333,19.9680511182109,43.2472059133073
2021/3/25,16010.54,16146.58,15944.96,16060.14,201.620000000001,49.5999999999985,86.4400000000005,-65.5800000000018,0.998653952190976,1.00849690266537,0.995903948274074,1.00309795921936,0.003097959219364,0.246007340541605,0.428727308798731,-0.325265350659664,52.9749857485096,51.3258729669363,124.5,125,123,123,2,-1.5,0.5,0,1,1.00401606425703,0.987951807228916,0.987951807228916,-0.012048192771084,-0.75,0.25,0,0,15.3872535212168
2021/3/26,16140.37,16325.62,16140.37,16305.88,185.25,165.509999999998,19.7400000000016,0,1.00499559779678,1.01147743205391,1,1.01025441176379,0.010254411763795,0.89344129554655,0.10655870445345,0,83.9530255464974,61.181467467176,123.5,124,123,123.5,1,0,0.5,-0.5,1.00406504065041,1.00404858299595,0.995951417004048,1,0,0,0.5,-0.5,0,18.2054072446347
